{
    "evaluation_summary": {
        "dataset": "HKisland_GNSS03",
        "source": "MARS-LVIG / UAVScenes",
        "total_images": 3833,
        "keyframes_output": 620,
        "ground_truth_poses": 1955,
        "matched_poses": 1857,
        "association_rate": 53.0,
        "trajectory_length_m": 1901.88,
        "duration_s": 390.78
    },
    "metrics": {
        "ate": {
            "rmse": 1.7409079037465311,
            "mean": 0.865972175354548,
            "median": 0.6434868063744175,
            "std": 1.5102491585294304,
            "min": 0.11877175099190171,
            "max": 25.87318197270453,
            "unit": "meters"
        },
        "rpe": {
            "trans_rmse": 15.163911854571793,
            "trans_mean": 13.355601640370502,
            "trans_median": 14.156246871128998,
            "trans_std": 7.181373653901863,
            "delta_frames": 10,
            "unit": "meters"
        },
        "scale_error": {
            "scale_ratio": 1,
            "scale_drift_percent": 741,
            "unit": "percentage"
        }
    },
    "alignment": {
        "method": "Sim(3)",
        "estimated_scale": 7.4120233006636935,
        "translation": [0.33011584, 0.06634049, 6.1227189]
    },
    "baseline_config": {
        "framework": "ORB-SLAM3",
        "mode": "Monocular Visual Odometry",
        "nFeatures": 15000,
        "nLevels": 15,
        "scaleFactor": 1.328,
        "iniThFAST": 13,
        "minThFAST": 2
    }
}

