{"rmse": 1.7409079037465311, "mean": 0.865972175354548, "median": 0.6434868063744175, "std": 1.5102491585294304, "min": 0.11877175099190171, "max": 25.87318197270453, "sse": 5628.121931560501}