{"rmse": 18.325141245585524, "mean": 10.947204601618212, "median": 4.071166237274529, "std": 14.69590123405056, "min": 0.07795641207476753, "max": 91.91717057474435, "sse": 68841.21434248524}