{"rmse": 15.163911854571793, "mean": 13.355601640370502, "median": 14.156246871128998, "std": 7.181373653901863, "min": 0.4038041028330677, "max": 38.39007954729269, "sse": 47138.565660310705}